structure_inchikey	structure_smiles	structure_inchikey_no_stereo	structure_smiles_no_stereo
HVYWMOMLDIMFJA-DPAQBDIFSA-N	CC(C)CCC[C@@H](C)[C@H]1CC[C@H]2[C@@H]3CC=C4C[C@@H](O)CC[C@]4(C)[C@H]3CC[C@]12C	HVYWMOMLDIMFJA	CC(C)CCCC(C)C1CCC2C3CC=C4CC(O)CCC4(C)C3CCC12C
PBWOIPCULUXTNY-LBKBYZTLSA-N	CC[C@H](CC[C@@H](C)[C@H]1CC[C@H]2[C@@H]3CC=C4C[C@@H](OC(C)=O)CC[C@]4(C)[C@H]3CC[C@]12C)C(C)C	PBWOIPCULUXTNY	CCC(CCC(C)C1CCC2C3CC=C4CC(OC(C)=O)CCC4(C)C3CCC12C)C(C)C
KZJWDPNRJALLNS-VJSFXXLFSA-N	CC[C@H](CC[C@@H](C)[C@H]1CC[C@H]2[C@@H]3CC=C4C[C@@H](O)CC[C@]4(C)[C@H]3CC[C@]12C)C(C)C	KZJWDPNRJALLNS	CCC(CCC(C)C1CCC2C3CC=C4CC(O)CCC4(C)C3CCC12C)C(C)C
INDVLXYUCBVVKW-PXBBAZSNSA-N	C=C(CC[C@@H](C)[C@H]1CC[C@H]2[C@@H]3CC=C4C[C@@H](O)CC[C@]4(C)[C@H]3CC[C@]12C)C(C)C	INDVLXYUCBVVKW	C=C(CCC(C)C1CCC2C3CC=C4CC(O)CCC4(C)C3CCC12C)C(C)C
CGUJNZGCCXPWEZ-OHPSOFBHSA-N	C=C(C)C(C)(C)CC[C@@H](C)[C@H]1CC[C@H]2[C@@H]3CC=C4C[C@@H](O)CC[C@]4(C)[C@H]3CC[C@]12C	CGUJNZGCCXPWEZ	C=C(C)C(C)(C)CCC(C)C1CCC2C3CC=C4CC(O)CCC4(C)C3CCC12C
GHGKPLPBPGYSOO-FBZNIEFRSA-N	C=C(C)[C@@H](CC)CC[C@@H](C)[C@H]1CC[C@H]2[C@@H]3CC=C4C[C@@H](O)CC[C@]4(C)[C@H]3CC[C@]12C	GHGKPLPBPGYSOO	C=C(C)C(CC)CCC(C)C1CCC2C3CC=C4CC(O)CCC4(C)C3CCC12C
QXDHYSHOINNEAZ-HSIBUNQISA-N	C=C(CC[C@@H](C)[C@H]1CC[C@H]2[C@@H]3CC=C4C[C@@H](O)CC[C@]4(C)[C@H]3CC[C@]12C)C(C)(C)C	QXDHYSHOINNEAZ	C=C(CCC(C)C1CCC2C3CC=C4CC(O)CCC4(C)C3CCC12C)C(C)(C)C
YYLFLRIUDMIWTD-VEVYEIKRSA-N	CCC(CC[C@@H](C)[C@H]1CC[C@H]2[C@@H]3CC=C4C[C@@H](O)CC[C@]4(C)[C@H]3CC[C@]12C)=C(C)C	YYLFLRIUDMIWTD	CCC(CCC(C)C1CCC2C3CC=C4CC(O)CCC4(C)C3CCC12C)=C(C)C
ZTJFINKUHDHOSM-KEJCWXRGSA-N	C=C(C)[C@H](/C=C/[C@@H](C)[C@H]1CC[C@H]2[C@@H]3CC=C4C[C@@H](O)CC[C@]4(C)[C@H]3CC[C@]12C)CC	ZTJFINKUHDHOSM	C=C(C)C(C=CC(C)C1CCC2C3CC=C4CC(O)CCC4(C)C3CCC12C)CC
HCXVJBMSMIARIN-PHZDYDNGSA-N	CC[C@H](/C=C/[C@@H](C)[C@H]1CC[C@H]2[C@@H]3CC=C4C[C@@H](O)CC[C@]4(C)[C@H]3CC[C@]12C)C(C)C	HCXVJBMSMIARIN	CCC(C=CC(C)C1CCC2C3CC=C4CC(O)CCC4(C)C3CCC12C)C(C)C
SGNBVLSWZMBQTH-PODYLUTMSA-N	CC(C)[C@H](C)CC[C@@H](C)[C@H]1CC[C@H]2[C@@H]3CC=C4C[C@@H](O)CC[C@]4(C)[C@H]3CC[C@]12C	SGNBVLSWZMBQTH	CC(C)C(C)CCC(C)C1CCC2C3CC=C4CC(O)CCC4(C)C3CCC12C
OSELKOCHBMDKEJ-WGMIZEQOSA-N	C/C=C(/CC[C@@H](C)[C@H]1CC[C@H]2[C@@H]3CC=C4C[C@@H](O)CC[C@]4(C)[C@H]3CC[C@]12C)C(C)C	OSELKOCHBMDKEJ	CC=C(CCC(C)C1CCC2C3CC=C4CC(O)CCC4(C)C3CCC12C)C(C)C
ONQRKEUAIJMULO-YBXTVTTCSA-N	CC(C)=CCC[C@@H](C)[C@H]1CC[C@@]2(C)[C@@H]3CC[C@H]4C(C)(C)[C@@H](O)CC[C@@]45C[C@@]35CC[C@]12C	ONQRKEUAIJMULO	CC(C)=CCCC(C)C1CCC2(C)C3CCC4C(C)(C)C(O)CCC45CC35CCC12C
ZQPPMHVWECSIRJ-KTKRTIGZSA-N	CCCCCCCC/C=C\CCCCCCCC(=O)O	ZQPPMHVWECSIRJ	CCCCCCCCC=CCCCCCCCC(=O)O
DTOSIQBPPRVQHS-IUQGRGSQSA-N	CC/C=C/C/C=C/C/C=C/CCCCCCCC(=O)O	DTOSIQBPPRVQHS	CCC=CCC=CCC=CCCCCCCCC(=O)O
OYHQOLUKZRVURQ-HZJYTTRNSA-N	CCCCC/C=C\C/C=C\CCCCCCCC(=O)O	OYHQOLUKZRVURQ	CCCCCC=CCC=CCCCCCCCC(=O)O
QIQXTHQIDYTFRH-UHFFFAOYSA-N	CCCCCCCCCCCCCCCCCC(=O)O	QIQXTHQIDYTFRH	CCCCCCCCCCCCCCCCCC(=O)O
IPCSVZSSVZVIGE-UHFFFAOYSA-N	CCCCCCCCCCCCCCCC(=O)O	IPCSVZSSVZVIGE	CCCCCCCCCCCCCCCC(=O)O
DTOSIQBPPRVQHS-PDBXOOCHSA-N	CC/C=C\C/C=C\C/C=C\CCCCCCCC(=O)O	DTOSIQBPPRVQHS	CCC=CCC=CCC=CCCCCCCCC(=O)O
HUNLTIZKNQDZEI-PGFZVWMDSA-N	C=C(CC[C@@H](C)[C@H]1CC[C@@]2(C)[C@@H]3CC[C@H]4[C@H](C)[C@@H](O)CC[C@@]45C[C@@]35CC[C@]12C)C(C)C	HUNLTIZKNQDZEI	C=C(CCC(C)C1CCC2(C)C3CCC4C(C)C(O)CCC45CC35CCC12C)C(C)C
UVFOSIJDDUBTBX-UHFFFAOYSA-N	CC(C)C1CCC2(C)CCC3(C)C4CC=C5C(CCC(O)C5(C)C)C4(C)CCC3(C)C12	UVFOSIJDDUBTBX	CC(C)C1CCC2(C)CCC3(C)C4CC=C5C(CCC(O)C5(C)C)C4(C)CCC3(C)C12
XAKUWRNEOJQHNR-FOVRAHSFSA-N	CC(C)[C@H]1CCC2=C3CC[C@@H]4[C@@]5(C)CCC(=O)C(C)(C)[C@@H]5CC[C@@]4(C)[C@]3(C)CC[C@@]21C	XAKUWRNEOJQHNR	CC(C)C1CCC2=C3CCC4C5(C)CCC(=O)C(C)(C)C5CCC4(C)C3(C)CCC21C
VEVKLOLYYQLRRV-WQPOQZFBSA-N	C=C(C)[C@H]1CC[C@]2(C)[C@H]3CC[C@@H]4[C@@]5(C)CCC(=O)C(C)(C)[C@@H]5CC[C@@]4(C)[C@]3(C)CC[C@@H]12	VEVKLOLYYQLRRV	C=C(C)C1CCC2(C)C1CCC1(C)C2CCC2C3(C)CCC(=O)C(C)(C)C3CCC21C
DBCAVZSSFGIHQZ-YLAYQGCQSA-N	CC1(C)CC[C@]2(C)CC=C3[C@]4(C)CC[C@H]5C(C)(C)C(=O)CC[C@]5(C)[C@H]4CC[C@@]3(C)[C@@H]2C1	DBCAVZSSFGIHQZ	CC1(C)CCC2(C)CC=C3C(C)(CCC4C3(C)CCC3C(C)(C)C(=O)CCC34C)C2C1
QIPITLICOVJMDG-KCFNGDSUSA-N	CC(C)C1=C2CC[C@]3(C)[C@H](CC[C@@H]4[C@@]5(C)CCC(=O)C(C)(C)[C@@H]5CC[C@]43C)[C@@]2(C)CC1	QIPITLICOVJMDG	CC(C)C1=C2CCC3(C)C(CCC4C5(C)CCC(=O)C(C)(C)C5CCC43C)C2(C)CC1
BCQNFYWIPQQTGS-UBYXKGFDSA-N	CC(C)[C@H]1CC[C@@H]2[C@]1(C)CC[C@]1(C)[C@H]3CC=C4[C@@H](CCC(=O)C4(C)C)[C@]3(C)CC[C@@]21C	BCQNFYWIPQQTGS	CC(C)C1CCC2C1(C)CCC1(C)C3CC=C4C(CCC(=O)C4(C)C)C3(C)CCC21C
LFPVZIIPFONRSW-MZIWDXLGSA-N	C=C(C)[C@H]1CC[C@]2(C)[C@H]3CC[C@@H]4[C@@]5(C)CC[C@H](O)C(C)(C)[C@@H]5CC[C@@]4(C)[C@]3(C)CC[C@@H]12	LFPVZIIPFONRSW	C=C(C)C1CCC2(C)C1CCC1(C)C2CCC2C3(C)CCC(O)C(C)(C)C3CCC21C
DBCAVZSSFGIHQZ-KGSLAXPJSA-N	CC1(C)CC[C@]2(C)CC=C3[C@]4(C)CC[C@H]5C(C)(C)C(=O)CC[C@]5(C)[C@H]4CC[C@@]3(C)[C@H]2C1	DBCAVZSSFGIHQZ	CC1(C)CCC2(C)CC=C3C(C)(CCC4C3(C)CCC3C(C)(C)C(=O)CCC34C)C2C1
VQSNHPSNPFDOJF-XSLNCIIRSA-N	CC(C)CC[C@@H](C)[C@H]1CC[C@H]2[C@@H]3CC=C4C[C@@H](O)CC[C@]4(C)[C@H]3CC[C@]12C	VQSNHPSNPFDOJF	CC(C)CCC(C)C1CCC2C3CC=C4CC(O)CCC4(C)C3CCC12C
BWGQUGBECNWWDB-PNAUCWDRSA-N	CC(C)C/C=C/[C@@H](C)[C@H]1CC[C@H]2[C@@H]3CC[C@H]4C[C@@H](O)CC[C@]4(C)[C@H]3CC[C@]12C	BWGQUGBECNWWDB	CC(C)CC=CC(C)C1CCC2C3CCC4CC(O)CCC4(C)C3CCC12C
BKWBRNDZAJHCMT-LMLIWZCBSA-N	CC(C)/C=C/[C@@H](C)[C@H]1CC[C@H]2[C@@H]3CC=C4C[C@@H](O)CC[C@]4(C)[C@H]3CC[C@]12C	BKWBRNDZAJHCMT	CC(C)C=CC(C)C1CCC2C3CC=C4CC(O)CCC4(C)C3CCC12C
HWRYKNYRSRPFPM-GIZJYHQCSA-N	CC(C)/C=C/[C@@H](C)[C@H]1CC[C@H]2[C@@H]3CC[C@H]4C[C@H](O)CC[C@]4(C)[C@H]3CC[C@]12C	HWRYKNYRSRPFPM	CC(C)C=CC(C)C1CCC2C3CCC4CC(O)CCC4(C)C3CCC12C
OQEPDPMGQCDEFJ-RQZMLCOOSA-N	CC=C(CC[C@@H](C)[C@H]1CC[C@H]2[C@@H]3C=CC4=CC(=O)CC[C@]4(C)[C@H]3CC[C@]12C)C(C)C	OQEPDPMGQCDEFJ	CC=C(CCC(C)C1CCC2C3C=CC4=CC(=O)CCC4(C)C3CCC12C)C(C)C
NADSFPYUTGUROD-UAJHHUEASA-N	CC(C)C/C=C/[C@@H](C)[C@H]1CC[C@H]2[C@@H]3CCC4=CC(=O)CC[C@]4(C)[C@H]3CC[C@]12C	NADSFPYUTGUROD	CC(C)CC=CC(C)C1CCC2C3CCC4=CC(=O)CCC4(C)C3CCC12C
AVSXSVCZWQODGV-DPAQBDIFSA-N	CC(C)=CCC[C@@H](C)[C@H]1CC[C@H]2[C@@H]3CC=C4C[C@@H](O)CC[C@]4(C)[C@H]3CC[C@]12C	AVSXSVCZWQODGV	CC(C)=CCCC(C)C1CCC2C3CC=C4CC(O)CCC4(C)C3CCC12C
UPGTYLFCVNHBTN-OFAYOZIESA-N	CC(C)C/C=C/[C@@H](C)[C@H]1CC[C@H]2[C@@H]3CC=C4C[C@@H](O)CC[C@]4(C)[C@H]3CC[C@]12C	UPGTYLFCVNHBTN	CC(C)CC=CC(C)C1CCC2C3CC=C4CC(O)CCC4(C)C3CCC12C
CQSRUKJFZKVYCY-DOEMDOIPSA-N	C/C=C(\CC[C@@H](C)[C@H]1CC[C@H]2[C@@H]3CC[C@H]4C[C@H](O)CC[C@]4(C)[C@H]3CC[C@]12C)C(C)C	CQSRUKJFZKVYCY	CC=C(CCC(C)C1CCC2C3CCC4CC(O)CCC4(C)C3CCC12C)C(C)C
GVTVGGOAMMTPEH-QCYZZNICSA-N	CC(C)=CCC[C@@H](C)[C@H]1CC[C@H]2[C@@H]3CC[C@H]4C[C@@H](O)CC[C@]4(C)[C@H]3CC[C@]12C	GVTVGGOAMMTPEH	CC(C)=CCCC(C)C1CCC2C3CCC4CC(O)CCC4(C)C3CCC12C
RUVUHIUYGJBLGI-UHFFFAOYSA-N	CCC(CCC(C)C1CCC2C3CCC4=CC(=O)CCC4(C)C3CCC12C)C(C)C	RUVUHIUYGJBLGI	CCC(CCC(C)C1CCC2C3CCC4=CC(=O)CCC4(C)C3CCC12C)C(C)C
NYOXRYYXRWJDKP-GYKMGIIDSA-N	CC(C)CCC[C@@H](C)[C@H]1CC[C@H]2[C@@H]3CCC4=CC(=O)CC[C@]4(C)[C@H]3CC[C@]12C	NYOXRYYXRWJDKP	CC(C)CCCC(C)C1CCC2C3CCC4=CC(=O)CCC4(C)C3CCC12C
QYIXCDOBOSTCEI-FBVYSKEZSA-N	CC(C)CCC[C@@H](C)[C@H]1CC[C@H]2[C@@H]3CC[C@H]4C[C@H](O)CC[C@]4(C)[C@H]3CC[C@]12C	QYIXCDOBOSTCEI	CC(C)CCCC(C)C1CCC2C3CCC4CC(O)CCC4(C)C3CCC12C
CSVWWLUMXNHWSU-OYQPQXIVSA-N	CC[C@H](/C=C/[C@@H](C)[C@H]1CC[C@H]2[C@@H]3CC[C@H]4C[C@@H](O)CC[C@]4(C)[C@H]3CC[C@]12C)C(C)C	CSVWWLUMXNHWSU	CCC(C=CC(C)C1CCC2C3CCC4CC(O)CCC4(C)C3CCC12C)C(C)C
NYWZDGGKTLARLX-PGAJIAHISA-N	C=C(CC[C@@H](C)[C@H]1CC[C@H]2[C@@H]3CC[C@H]4C[C@@H](O)CC[C@]4(C)[C@H]3CC[C@]12C)C(C)C	NYWZDGGKTLARLX	C=C(CCC(C)C1CCC2C3CCC4CC(O)CCC4(C)C3CCC12C)C(C)C
MQDWBAYFXRRHRX-OKAGLHPBSA-N	CC[C@H](C)/C=C/[C@@H](C)[C@H]1CC[C@H]2[C@@H]3CC[C@H]4C[C@H](O)CC[C@]4(C)[C@H]3CC[C@]12C	MQDWBAYFXRRHRX	CCC(C)C=CC(C)C1CCC2C3CCC4CC(O)CCC4(C)C3CCC12C
PRKPDIRLXGMLSU-SNPVPZKZSA-N	CC(C)[C@@H](C)/C=C/[C@@H](C)[C@H]1CC[C@H]2[C@@H]3CC[C@H]4C[C@H](O)CC[C@]4(C)[C@H]3CC[C@]12C	PRKPDIRLXGMLSU	CC(C)C(C)C=CC(C)C1CCC2C3CCC4CC(O)CCC4(C)C3CCC12C
PRKPDIRLXGMLSU-XVPLPGRKSA-N	CC(C)[C@@H](C)/C=C/[C@@H](C)[C@H]1CC[C@H]2[C@@H]3CC[C@H]4C[C@@H](O)CC[C@]4(C)[C@H]3CC[C@]12C	PRKPDIRLXGMLSU	CC(C)C(C)C=CC(C)C1CCC2C3CCC4CC(O)CCC4(C)C3CCC12C
QYIXCDOBOSTCEI-QCYZZNICSA-N	CC(C)CCC[C@@H](C)[C@H]1CC[C@H]2[C@@H]3CC[C@H]4C[C@@H](O)CC[C@]4(C)[C@H]3CC[C@]12C	QYIXCDOBOSTCEI	CC(C)CCCC(C)C1CCC2C3CCC4CC(O)CCC4(C)C3CCC12C
CQSRUKJFZKVYCY-FOVYKHAASA-N	C/C=C(\CC[C@@H](C)[C@H]1CC[C@H]2[C@@H]3CC[C@H]4C[C@@H](O)CC[C@]4(C)[C@H]3CC[C@]12C)C(C)C	CQSRUKJFZKVYCY	CC=C(CCC(C)C1CCC2C3CCC4CC(O)CCC4(C)C3CCC12C)C(C)C
FFRFYWBYDZTBDQ-MZXJRKPGSA-N	CC(C)/C=C/[C@@H](C)[C@H]1CC[C@H]2[C@@H]3CCC4=CC(=O)CC[C@]4(C)[C@H]3CC[C@]12C	FFRFYWBYDZTBDQ	CC(C)C=CC(C)C1CCC2C3CCC4=CC(=O)CCC4(C)C3CCC12C
UBEHHDQAQBJTAE-YUADBYKZSA-N	CC[C@@H](C)/C=C/[C@@H](C)[C@H]1CC[C@H]2[C@@H]3CC=C4C[C@@H](O)CC[C@]4(C)[C@H]3CC[C@]12C	UBEHHDQAQBJTAE	CCC(C)C=CC(C)C1CCC2C3CC=C4CC(O)CCC4(C)C3CCC12C
LGJMUZUPVCAVPU-HRJGVYIJSA-N	CC[C@H](CC[C@@H](C)[C@H]1CC[C@H]2[C@@H]3CC[C@H]4C[C@@H](O)CC[C@]4(C)[C@H]3CC[C@]12C)C(C)C	LGJMUZUPVCAVPU	CCC(CCC(C)C1CCC2C3CCC4CC(O)CCC4(C)C3CCC12C)C(C)C
ARYTXMNEANMLMU-UOYMAXTLSA-N	CC(C)[C@H](C)CC[C@@H](C)[C@H]1CC[C@H]2[C@@H]3CC[C@H]4C[C@H](O)CC[C@]4(C)[C@H]3CC[C@]12C	ARYTXMNEANMLMU	CC(C)C(C)CCC(C)C1CCC2C3CCC4CC(O)CCC4(C)C3CCC12C
LJNASASDNLCNOS-ADBSWBDJSA-N	CC(C)[C@@H](C)/C=C/[C@@H](C)[C@H]1CC[C@H]2[C@@H]3C=CC4=CC(=O)CC[C@]4(C)[C@H]3CC[C@]12C	LJNASASDNLCNOS	CC(C)C(C)C=CC(C)C1CCC2C3C=CC4=CC(=O)CCC4(C)C3CCC12C
NYWZDGGKTLARLX-UIALXTEESA-N	C=C(CC[C@@H](C)[C@H]1CC[C@H]2[C@@H]3CC[C@H]4C[C@H](O)CC[C@]4(C)[C@H]3CC[C@]12C)C(C)C	NYWZDGGKTLARLX	C=C(CCC(C)C1CCC2C3CCC4CC(O)CCC4(C)C3CCC12C)C(C)C
OSELKOCHBMDKEJ-JUGJNGJRSA-N	C/C=C(\CC[C@@H](C)[C@H]1CC[C@H]2[C@@H]3CC=C4C[C@@H](O)CC[C@]4(C)[C@H]3CC[C@]12C)C(C)C	OSELKOCHBMDKEJ	CC=C(CCC(C)C1CCC2C3CC=C4CC(O)CCC4(C)C3CCC12C)C(C)C
CSVWWLUMXNHWSU-NNAKJMJASA-N	CC[C@H](/C=C/[C@@H](C)[C@H]1CC[C@H]2[C@@H]3CC[C@H]4C[C@H](O)CC[C@]4(C)[C@H]3CC[C@]12C)C(C)C	CSVWWLUMXNHWSU	CCC(C=CC(C)C1CCC2C3CCC4CC(O)CCC4(C)C3CCC12C)C(C)C
OILXMJHPFNGGTO-ZAUYPBDWSA-N	CC(C)[C@@H](C)/C=C/[C@@H](C)[C@H]1CC[C@H]2[C@@H]3CC=C4C[C@@H](O)CC[C@]4(C)[C@H]3CC[C@]12C	OILXMJHPFNGGTO	CC(C)C(C)C=CC(C)C1CCC2C3CC=C4CC(O)CCC4(C)C3CCC12C
BWGQUGBECNWWDB-NLPHHWCYSA-N	CC(C)C/C=C/[C@@H](C)[C@H]1CC[C@H]2[C@@H]3CC[C@H]4C[C@H](O)CC[C@]4(C)[C@H]3CC[C@]12C	BWGQUGBECNWWDB	CC(C)CC=CC(C)C1CCC2C3CCC4CC(O)CCC4(C)C3CCC12C
JKNOXDGSYQSJQT-IOYZGJOASA-N	C/C=C(\CC[C@@H](C)[C@H]1CC[C@H]2[C@@H]3CCC4=CC(=O)CC[C@]4(C)[C@H]3CC[C@]12C)C(C)C	JKNOXDGSYQSJQT	CC=C(CCC(C)C1CCC2C3CCC4=CC(=O)CCC4(C)C3CCC12C)C(C)C
JRMPVNVOLQJLJX-QVMRCSLBSA-N	C=C(CC[C@@H](C)[C@H]1CC[C@H]2[C@@H]3CCC4=CC(=O)CC[C@]4(C)[C@H]3CC[C@]12C)C(C)C	JRMPVNVOLQJLJX	C=C(CCC(C)C1CCC2C3CCC4=CC(=O)CCC4(C)C3CCC12C)C(C)C
LGJMUZUPVCAVPU-SQPFWOCISA-N	CC[C@H](CC[C@@H](C)[C@H]1CC[C@H]2[C@@H]3CC[C@H]4C[C@H](O)CC[C@]4(C)[C@H]3CC[C@]12C)C(C)C	LGJMUZUPVCAVPU	CCC(CCC(C)C1CCC2C3CCC4CC(O)CCC4(C)C3CCC12C)C(C)C
OWYXOXZSAKVGHJ-ADBSWBDJSA-N	CC(C)[C@@H](C)/C=C/[C@@H](C)[C@H]1CC[C@H]2[C@@H]3CCC4=CC(=O)CC[C@]4(C)[C@H]3CC[C@]12C	OWYXOXZSAKVGHJ	CC(C)C(C)C=CC(C)C1CCC2C3CCC4=CC(=O)CCC4(C)C3CCC12C
QQIOPZFVTIHASB-IMUDCKKOSA-N	CC(C)[C@H](C)CC[C@@H](C)[C@H]1CC[C@H]2[C@@H]3CCC4=CC(=O)CC[C@]4(C)[C@H]3CC[C@]12C	QQIOPZFVTIHASB	CC(C)C(C)CCC(C)C1CCC2C3CCC4=CC(=O)CCC4(C)C3CCC12C
ARYTXMNEANMLMU-ATEDBJNTSA-N	CC(C)[C@H](C)CC[C@@H](C)[C@H]1CC[C@H]2[C@@H]3CC[C@H]4C[C@@H](O)CC[C@]4(C)[C@H]3CC[C@]12C	ARYTXMNEANMLMU	CC(C)C(C)CCC(C)C1CCC2C3CCC4CC(O)CCC4(C)C3CCC12C
RUVUHIUYGJBLGI-XJZKHKOHSA-N	CC[C@H](CC[C@@H](C)[C@H]1CC[C@H]2[C@@H]3CCC4=CC(=O)CC[C@]4(C)[C@H]3CC[C@]12C)C(C)C	RUVUHIUYGJBLGI	CCC(CCC(C)C1CCC2C3CCC4=CC(=O)CCC4(C)C3CCC12C)C(C)C
CQSRUKJFZKVYCY-GQRDYSQKSA-N	CC=C(CC[C@@H](C)[C@H]1CC[C@H]2[C@@H]3CC[C@H]4C[C@H](O)CC[C@]4(C)[C@H]3CC[C@]12C)C(C)C	CQSRUKJFZKVYCY	CC=C(CCC(C)C1CCC2C3CCC4CC(O)CCC4(C)C3CCC12C)C(C)C
HWRYKNYRSRPFPM-WBWOLYEASA-N	CC(C)/C=C/[C@@H](C)[C@H]1CC[C@H]2[C@@H]3CC[C@H]4C[C@@H](O)CC[C@]4(C)[C@H]3CC[C@]12C	HWRYKNYRSRPFPM	CC(C)C=CC(C)C1CCC2C3CCC4CC(O)CCC4(C)C3CCC12C
MKGZDUKUQPPHFM-LPJPOILFSA-N	CC[C@H](/C=C/[C@@H](C)[C@H]1CC[C@H]2[C@@H]3CCC4=CC(=O)CC[C@]4(C)[C@H]3CC[C@]12C)C(C)C	MKGZDUKUQPPHFM	CCC(C=CC(C)C1CCC2C3CCC4=CC(=O)CCC4(C)C3CCC12C)C(C)C
OQEPDPMGQCDEFJ-IOYZGJOASA-N	C/C=C(\CC[C@@H](C)[C@H]1CC[C@H]2[C@@H]3C=CC4=CC(=O)CC[C@]4(C)[C@H]3CC[C@]12C)C(C)C	OQEPDPMGQCDEFJ	CC=C(CCC(C)C1CCC2C3C=CC4=CC(=O)CCC4(C)C3CCC12C)C(C)C
JZVFJDZBLUFKCA-FXIAWGAOSA-N	CC[C@H](/C=C/[C@@H](C)[C@H]1CC[C@H]2C3=CC[C@H]4C[C@@H](O)CC[C@]4(C)[C@H]3CC[C@]12C)C(C)C	JZVFJDZBLUFKCA	CCC(C=CC(C)C1CCC2C3=CCC4CC(O)CCC4(C)C3CCC21C)C(C)C
BDHQMRXFDYJGII-UEBIAWITSA-N	C=C(CC[C@@H](C)[C@H]1CC[C@@]2(C)[C@@H]3CC[C@H]4C(C)(C)[C@@H](O)CC[C@@]45C[C@@]35CC[C@]12C)C(C)C	BDHQMRXFDYJGII	C=C(CCC(C)C1CCC2(C)C3CCC4C(C)(C)C(O)CCC45CC35CCC12C)C(C)C
XUGISPSHIFXEHZ-VEVYEIKRSA-N	CC(=O)O[C@H]1CC[C@@]2(C)C(=CC[C@H]3[C@@H]4CC[C@H]([C@H](C)CCCC(C)C)[C@@]4(C)CC[C@@H]32)C1	XUGISPSHIFXEHZ	CC(=O)OC1CCC2(C)C(=CCC3C2CCC2(C)C(C(C)CCCC(C)C)CCC32)C1
WNPWDGNHTKGEDS-JZISHWLJSA-N	CCCCCCCCC/C=C/CC/C=C/[C@@H](O)[C@H](CO)NC(=O)CCCCCCCCCCCCCCCCC	WNPWDGNHTKGEDS	CCCCCCCCCC=CCCC=CC(O)C(CO)NC(=O)CCCCCCCCCCCCCCCCC
WZLPUZVRWICXBZ-AEWRVITKSA-N	CCCCCCCCCCCCC/C=C/C[C@@H](CO)NC(=O)CCCCCCCCCCCCCCCCC	WZLPUZVRWICXBZ	CCCCCCCCCCCCCC=CCC(CO)NC(=O)CCCCCCCCCCCCCCCCC
OYXZMSRRJOYLLO-KGZHIOMZSA-N	CC(C)CCC[C@@H](C)[C@H]1CC[C@H]2[C@@H]3[C@@H](O)C=C4C[C@@H](O)CC[C@]4(C)[C@H]3CC[C@]12C	OYXZMSRRJOYLLO	CC(C)CCCC(C)C1CCC2C3C(O)C=C4CC(O)CCC4(C)C3CCC12C
SSZBUIDZHHWXNJ-UHFFFAOYSA-N	CCCCCCCCCCCCCCCCCC(=O)OCCCCCCCCCCCCCCCC	SSZBUIDZHHWXNJ	CCCCCCCCCCCCCCCCCC(=O)OCCCCCCCCCCCCCCCC
SOCXDNMHDNVKIL-UHFFFAOYSA-N	CCCCCCCCCCCCCCCCCCCCOC(=O)CCCCCCCCCCCCCCCCC	SOCXDNMHDNVKIL	CCCCCCCCCCCCCCCCCCCCOC(=O)CCCCCCCCCCCCCCCCC
BAXNUBOEQRHLSD-HBFBPLQUSA-N	CCCCCCCCCCCCC/C=C/CC/C=C/[C@@H](O)[C@H](CO)NC(=O)CCCCCCCCCCCCCCC	BAXNUBOEQRHLSD	CCCCCCCCCCCCCC=CCCC=CC(O)C(CO)NC(=O)CCCCCCCCCCCCCCC
YYGNTYWPHWGJRM-AAJYLUCBSA-N	CC(C)=CCC/C(C)=C/CC/C(C)=C/CC/C=C(\C)CC/C=C(\C)CCC=C(C)C	YYGNTYWPHWGJRM	CC(C)=CCCC(C)=CCCC(C)=CCCC=C(C)CCC=C(C)CCC=C(C)C
SECPZKHBENQXJG-UHFFFAOYSA-N	CCCCCCC=CCCCCCCCC(=O)O	SECPZKHBENQXJG	CCCCCCC=CCCCCCCCC(=O)O
OYHQOLUKZRVURQ-UHFFFAOYSA-N	CCCCCC=CCC=CCCCCCCCC(=O)O	OYHQOLUKZRVURQ	CCCCCC=CCC=CCCCCCCCC(=O)O
WQEPLUUGTLDZJY-UHFFFAOYSA-N	CCCCCCCCCCCCCCC(=O)O	WQEPLUUGTLDZJY	CCCCCCCCCCCCCCC(=O)O
SECPZKHBENQXJG-FPLPWBNLSA-N	CCCCCC/C=C\CCCCCCCC(=O)O	SECPZKHBENQXJG	CCCCCCC=CCCCCCCCC(=O)O
YYGNTYWPHWGJRM-UHFFFAOYSA-N	CC(C)=CCCC(C)=CCCC(C)=CCCC=C(C)CCC=C(C)CCC=C(C)C	YYGNTYWPHWGJRM	CC(C)=CCCC(C)=CCCC(C)=CCCC=C(C)CCC=C(C)CCC=C(C)C
ZQPPMHVWECSIRJ-UHFFFAOYSA-N	CCCCCCCCC=CCCCCCCCC(=O)O	ZQPPMHVWECSIRJ	CCCCCCCCC=CCCCCCCCC(=O)O
TUNFSRHWOTWDNC-UHFFFAOYSA-N	CCCCCCCCCCCCCC(=O)O	TUNFSRHWOTWDNC	CCCCCCCCCCCCCC(=O)O
KZJWDPNRJALLNS-OAIXMFQVSA-N	CCC(CC[C@@H](C)[C@H]1CC[C@H]2[C@@H]3CC=C4C[C@@H](O)CC[C@]4(C)[C@H]3CC[C@]12C)C(C)C	KZJWDPNRJALLNS	CCC(CCC(C)C1CCC2C3CC=C4CC(O)CCC4(C)C3CCC12C)C(C)C
KZJWDPNRJALLNS-NCCSLVGJSA-N	CCC(CCC(C)C1CC[C@@H]2[C@H]3CC=C4CC(O)CC[C@]4(C)[C@H]3CC[C@]12C)C(C)C	KZJWDPNRJALLNS	CCC(CCC(C)C1CCC2C3CC=C4CC(O)CCC4(C)C3CCC12C)C(C)C
ZDXPYRJPNDTMRX-VKHMYHEASA-N	NC(=O)CC[C@H](N)C(=O)O	ZDXPYRJPNDTMRX	NC(=O)CCC(N)C(=O)O
FFEARJCKVFRZRR-UHFFFAOYSA-N	CSCCC(N)C(=O)O	FFEARJCKVFRZRR	CSCCC(N)C(=O)O
FJKROLUGYXJWQN-UHFFFAOYSA-N	O=C(O)c1ccc(O)cc1	FJKROLUGYXJWQN	O=C(O)c1ccc(O)cc1
YGSDEFSMJLZEOE-UHFFFAOYSA-N	O=C(O)c1ccccc1O	YGSDEFSMJLZEOE	O=C(O)c1ccccc1O
UYTPUPDQBNUYGX-UHFFFAOYSA-N	N=c1nc(O)c2nc[nH]c2[nH]1	UYTPUPDQBNUYGX	N=c1nc(O)c2nc[nH]c2[nH]1
ODBLHEXUDAPZAU-UHFFFAOYSA-N	O=C(O)CC(C(=O)O)C(O)C(=O)O	ODBLHEXUDAPZAU	O=C(O)CC(C(=O)O)C(O)C(=O)O
GHVNFZFCNZKVNT-UHFFFAOYSA-N	CCCCCCCCCC(=O)O	GHVNFZFCNZKVNT	CCCCCCCCCC(=O)O
KDXKERNSBIXSRK-YFKPBYRVSA-N	NCCCC[C@H](N)C(=O)O	KDXKERNSBIXSRK	NCCCCC(N)C(=O)O
ULBTUVJTXULMLP-UHFFFAOYSA-N	CCCCCCCCCCCCCCCCCC(=O)OCCCC	ULBTUVJTXULMLP	CCCCCCCCCCCCCCCCCC(=O)OCCCC
AFENDNXGAFYKQO-UHFFFAOYSA-N	CCC(O)C(=O)O	AFENDNXGAFYKQO	CCC(O)C(=O)O
JPIJQSOTBSSVTP-STHAYSLISA-N	O=C(O)[C@H](O)[C@@H](O)CO	JPIJQSOTBSSVTP	O=C(O)C(O)C(O)CO
FKNQFGJONOIPTF-UHFFFAOYSA-N	[Na+]	FKNQFGJONOIPTF	[Na+]